campaign_name,spend,revenue,conversions,impressions,clicks,roi,ctr,roas,profit
Retargeting_Display,2310025.04,132595009.57,568636,9748919,3860781,5640.0,39.6,57.4,130284984.52999999
Google_Search_Ads,5748455.62,85320768.39,384923,9086710,3206748,1384.2,35.29,14.84,79572312.77
Email_Newsletter,220536.9,42588729.73,177683,10305355,2189503,19211.4,21.25,193.11,42368192.83
Instagram_Stories,2529796.71,36357117.39,158896,9236720,2292238,1337.2,24.82,14.37,33827320.68
Influencer_Marketing,5897322.25,34410469.38,149353,9856473,2961110,483.5,30.04,5.83,28513147.130000003
LinkedIn_B2B,4778745.21,27810705.12,125291,9726371,1373338,482.0,14.12,5.82,23031959.91
Facebook_Social,1779323.76,27773856.94,120199,11082214,1982203,1460.9,17.89,15.61,25994533.18
YouTube_Video_Ads,564178.96,13507138.79,64208,11370667,1402971,2294.1,12.34,23.94,12942959.829999998
